Pregnancy ID,Timepoint,Eye side,Layer,Thickness (mm),,,,,,,,,,,,,,,,,,,,
H,1 month ,L,Total Retinal,0.308,,,,,,,,,,,,,,,,,,,,
H,1 month ,L,Retinal Nerve Fiber Layer,0.021,,,,,,,,,,,,,,,,,,,,
H,1 month ,L,Ganglion Cell Layer,0.027,,,,,,,,,,,,,,,,,,,,
H,1 month ,L,Inner Plexiform Layer,0.044,,,,,,,,,,,,,,,,,,,,
H,1 month ,L,Inner Nuclear Layer,0.045,,,,,,,,,,,,,,,,,,,,
H,1 month ,L,Outer Plexiform Layer,0.022,,,,,,,,,,,,,,,,,,,,
H,1 month ,L,Outer Nuclear Layer,0.071,,,,,,,,,,,,,,,,,,,,
H,1 month ,L,Photoreceptor Inner Segment,0.029,,,,,,,,,,,,,,,,,,,,
H,1 month ,L,Photoreceptor Outer Segment,0.05,,,,,,,,,,,,,,,,,,,,
H,1 month ,L,Choroidal,0.125,,,,,,,,,,,,,,,,,,,,
H,1 month ,R,Total Retinal,0.313,,,,,,,,,,,,,,,,,,,,
H,1 month ,R,Retinal Nerve Fiber Layer,0.019,,,,,,,,,,,,,,,,,,,,
H,1 month ,R,Ganglion Cell Layer,0.024,,,,,,,,,,,,,,,,,,,,
H,1 month ,R,Inner Plexiform Layer,0.053,,,,,,,,,,,,,,,,,,,,
H,1 month ,R,Inner Nuclear Layer,0.038,,,,,,,,,,,,,,,,,,,,
H,1 month ,R,Outer Plexiform Layer,0.029,,,,,,,,,,,,,,,,,,,,
H,1 month ,R,Outer Nuclear Layer,0.068,,,,,,,,,,,,,,,,,,,,
H,1 month ,R,Photoreceptor Inner Segment,0.031,,,,,,,,,,,,,,,,,,,,
H,1 month ,R,Photoreceptor Outer Segment,0.052,,,,,,,,,,,,,,,,,,,,
H,1 month ,R,Choroidal,0.137,,,,,,,,,,,,,,,,,,,,
H,3 month,L,Total Retinal,0.311,,,,,,,,,,,,,,,,,,,,
H,3 month,L,Retinal Nerve Fiber Layer,0.021,,,,,,,,,,,,,,,,,,,,
H,3 month,L,Ganglion Cell Layer,0.023,,,,,,,,,,,,,,,,,,,,
H,3 month,L,Inner Plexiform Layer,0.047,,,,,,,,,,,,,,,,,,,,
H,3 month,L,Inner Nuclear Layer,0.039,,,,,,,,,,,,,,,,,,,,
H,3 month,L,Outer Plexiform Layer,0.031,,,,,,,,,,,,,,,,,,,,
H,3 month,L,Outer Nuclear Layer,0.065,,,,,,,,,,,,,,,,,,,,
H,3 month,L,Photoreceptor Inner Segment,0.032,,,,,,,,,,,,,,,,,,,,
H,3 month,L,Photoreceptor Outer Segment,0.053,,,,,,,,,,,,,,,,,,,,
H,3 month,L,Choroidal,0.107,,,,,,,,,,,,,,,,,,,,
H,3 month,R,Total Retinal,0.316,,,,,,,,,,,,,,,,,,,,
H,3 month,R,Retinal Nerve Fiber Layer,0.025,,,,,,,,,,,,,,,,,,,,
H,3 month,R,Ganglion Cell Layer,0.027,,,,,,,,,,,,,,,,,,,,
H,3 month,R,Inner Plexiform Layer,0.044,,,,,,,,,,,,,,,,,,,,
H,3 month,R,Inner Nuclear Layer,0.04,,,,,,,,,,,,,,,,,,,,
H,3 month,R,Outer Plexiform Layer,0.029,,,,,,,,,,,,,,,,,,,,
H,3 month,R,Outer Nuclear Layer,0.066,,,,,,,,,,,,,,,,,,,,
H,3 month,R,Photoreceptor Inner Segment,0.032,,,,,,,,,,,,,,,,,,,,
H,3 month,R,Photoreceptor Outer Segment,0.053,,,,,,,,,,,,,,,,,,,,
H,3 month,R,Choroidal,0.106,,,,,,,,,,,,,,,,,,,,
H,6 month,L,Total Retinal,0.316,,,,,,,,,,,,,,,,,,,,
H,6 month,L,Retinal Nerve Fiber Layer,0.021,,,,,,,,,,,,,,,,,,,,
H,6 month,L,Ganglion Cell Layer,0.028,,,,,,,,,,,,,,,,,,,,
H,6 month,L,Inner Plexiform Layer,0.042,,,,,,,,,,,,,,,,,,,,
H,6 month,L,Inner Nuclear Layer,0.043,,,,,,,,,,,,,,,,,,,,
H,6 month,L,Outer Plexiform Layer,0.026,,,,,,,,,,,,,,,,,,,,
H,6 month,L,Outer Nuclear Layer,0.073,,,,,,,,,,,,,,,,,,,,
H,6 month,L,Photoreceptor Inner Segment,0.028,,,,,,,,,,,,,,,,,,,,
H,6 month,L,Photoreceptor Outer Segment,0.055,,,,,,,,,,,,,,,,,,,,
H,6 month,L,Choroidal,0.116,,,,,,,,,,,,,,,,,,,,
H,6 month,R,Total Retinal,0.312,,,,,,,,,,,,,,,,,,,,
H,6 month,R,Retinal Nerve Fiber Layer,0.023,,,,,,,,,,,,,,,,,,,,
H,6 month,R,Ganglion Cell Layer,0.024,,,,,,,,,,,,,,,,,,,,
H,6 month,R,Inner Plexiform Layer,0.044,,,,,,,,,,,,,,,,,,,,
H,6 month,R,Inner Nuclear Layer,0.042,,,,,,,,,,,,,,,,,,,,
H,6 month,R,Outer Plexiform Layer,0.025,,,,,,,,,,,,,,,,,,,,
H,6 month,R,Outer Nuclear Layer,0.075,,,,,,,,,,,,,,,,,,,,
H,6 month,R,Photoreceptor Inner Segment,0.031,,,,,,,,,,,,,,,,,,,,
H,6 month,R,Photoreceptor Outer Segment,0.049,,,,,,,,,,,,,,,,,,,,
H,6 month,R,Choroidal,0.082,,,,,,,,,,,,,,,,,,,,
H,9 month,L,Total Retinal,0.322,,,,,,,,,,,,,,,,,,,,
H,9 month,L,Retinal Nerve Fiber Layer,0.02,,,,,,,,,,,,,,,,,,,,
H,9 month,L,Ganglion Cell Layer,0.028,,,,,,,,,,,,,,,,,,,,
H,9 month,L,Inner Plexiform Layer,0.045,,,,,,,,,,,,,,,,,,,,
H,9 month,L,Inner Nuclear Layer,0.042,,,,,,,,,,,,,,,,,,,,
H,9 month,L,Outer Plexiform Layer,0.025,,,,,,,,,,,,,,,,,,,,
H,9 month,L,Outer Nuclear Layer,0.076,,,,,,,,,,,,,,,,,,,,
H,9 month,L,Photoreceptor Inner Segment,0.033,,,,,,,,,,,,,,,,,,,,
H,9 month,L,Photoreceptor Outer Segment,0.054,,,,,,,,,,,,,,,,,,,,
H,9 month,L,Choroidal,0.128,,,,,,,,,,,,,,,,,,,,
H,9 month,R,Total Retinal,0.315,,,,,,,,,,,,,,,,,,,,
H,9 month,R,Retinal Nerve Fiber Layer,0.021,,,,,,,,,,,,,,,,,,,,
H,9 month,R,Ganglion Cell Layer,0.025,,,,,,,,,,,,,,,,,,,,
H,9 month,R,Inner Plexiform Layer,0.042,,,,,,,,,,,,,,,,,,,,
H,9 month,R,Inner Nuclear Layer,0.046,,,,,,,,,,,,,,,,,,,,
H,9 month,R,Outer Plexiform Layer,0.025,,,,,,,,,,,,,,,,,,,,
H,9 month,R,Outer Nuclear Layer,0.072,,,,,,,,,,,,,,,,,,,,
H,9 month,R,Photoreceptor Inner Segment,0.034,,,,,,,,,,,,,,,,,,,,
H,9 month,R,Photoreceptor Outer Segment,0.05,,,,,,,,,,,,,,,,,,,,
H,9 month,R,Choroidal,0.151,,,,,,,,,,,,,,,,,,,,
V,3 month,L,Total Retinal,0.291,,,,,,,,,,,,,,,,,,,,
V,3 month,L,Retinal Nerve Fiber Layer,0.02,,,,,,,,,,,,,,,,,,,,
V,3 month,L,Ganglion Cell Layer,0.028,,,,,,,,,,,,,,,,,,,,
V,3 month,L,Inner Plexiform Layer,0.034,,,,,,,,,,,,,,,,,,,,
V,3 month,L,Inner Nuclear Layer,0.036,,,,,,,,,,,,,,,,,,,,
V,3 month,L,Outer Plexiform Layer,0.023,,,,,,,,,,,,,,,,,,,,
V,3 month,L,Outer Nuclear Layer,0.075,,,,,,,,,,,,,,,,,,,,
V,3 month,L,Photoreceptor Inner Segment,0.03,,,,,,,,,,,,,,,,,,,,
V,3 month,L,Photoreceptor Outer Segment,0.047,,,,,,,,,,,,,,,,,,,,
V,3 month,L,Choroidal,0.138,,,,,,,,,,,,,,,,,,,,
V,3 month,R,Total Retinal,0.294,,,,,,,,,,,,,,,,,,,,
V,3 month,R,Retinal Nerve Fiber Layer,0.018,,,,,,,,,,,,,,,,,,,,
V,3 month,R,Ganglion Cell Layer,0.023,,,,,,,,,,,,,,,,,,,,
V,3 month,R,Inner Plexiform Layer,0.035,,,,,,,,,,,,,,,,,,,,
V,3 month,R,Inner Nuclear Layer,0.035,,,,,,,,,,,,,,,,,,,,
V,3 month,R,Outer Plexiform Layer,0.026,,,,,,,,,,,,,,,,,,,,
V,3 month,R,Outer Nuclear Layer,0.072,,,,,,,,,,,,,,,,,,,,
V,3 month,R,Photoreceptor Inner Segment,0.03,,,,,,,,,,,,,,,,,,,,
V,3 month,R,Photoreceptor Outer Segment,0.055,,,,,,,,,,,,,,,,,,,,
V,3 month,R,Choroidal,0.129,,,,,,,,,,,,,,,,,,,,
V,6 month,L,Total Retinal,0.291,,,,,,,,,,,,,,,,,,,,
V,6 month,L,Retinal Nerve Fiber Layer,0.02,,,,,,,,,,,,,,,,,,,,
V,6 month,L,Ganglion Cell Layer,0.021,,,,,,,,,,,,,,,,,,,,
V,6 month,L,Inner Plexiform Layer,0.04,,,,,,,,,,,,,,,,,,,,
V,6 month,L,Inner Nuclear Layer,0.034,,,,,,,,,,,,,,,,,,,,
V,6 month,L,Outer Plexiform Layer,0.021,,,,,,,,,,,,,,,,,,,,
V,6 month,L,Outer Nuclear Layer,0.079,,,,,,,,,,,,,,,,,,,,
V,6 month,L,Photoreceptor Inner Segment,0.029,,,,,,,,,,,,,,,,,,,,
V,6 month,L,Photoreceptor Outer Segment,0.048,,,,,,,,,,,,,,,,,,,,
V,6 month,L,Choroidal,0.133,,,,,,,,,,,,,,,,,,,,
V,6 month,R,Total Retinal,0.298,,,,,,,,,,,,,,,,,,,,
V,6 month,R,Retinal Nerve Fiber Layer,0.018,,,,,,,,,,,,,,,,,,,,
V,6 month,R,Ganglion Cell Layer,0.027,,,,,,,,,,,,,,,,,,,,
V,6 month,R,Inner Plexiform Layer,0.037,,,,,,,,,,,,,,,,,,,,
V,6 month,R,Inner Nuclear Layer,0.035,,,,,,,,,,,,,,,,,,,,
V,6 month,R,Outer Plexiform Layer,0.02,,,,,,,,,,,,,,,,,,,,
V,6 month,R,Outer Nuclear Layer,0.078,,,,,,,,,,,,,,,,,,,,
V,6 month,R,Photoreceptor Inner Segment,0.031,,,,,,,,,,,,,,,,,,,,
V,6 month,R,Photoreceptor Outer Segment,0.052,,,,,,,,,,,,,,,,,,,,
V,6 month,R,Choroidal,0.117,,,,,,,,,,,,,,,,,,,,
I,1 month ,L,Total Retinal,0.276,,,,,,,,,,,,,,,,,,,,
I,1 month ,L,Retinal Nerve Fiber Layer,0.019,,,,,,,,,,,,,,,,,,,,
I,1 month ,L,Ganglion Cell Layer,0.026,,,,,,,,,,,,,,,,,,,,
I,1 month ,L,Inner Plexiform Layer,0.039,,,,,,,,,,,,,,,,,,,,
I,1 month ,L,Inner Nuclear Layer,0.035,,,,,,,,,,,,,,,,,,,,
I,1 month ,L,Outer Plexiform Layer,0.021,,,,,,,,,,,,,,,,,,,,
I,1 month ,L,Outer Nuclear Layer,0.063,,,,,,,,,,,,,,,,,,,,
I,1 month ,L,Photoreceptor Inner Segment,0.03,,,,,,,,,,,,,,,,,,,,
I,1 month ,L,Photoreceptor Outer Segment,0.043,,,,,,,,,,,,,,,,,,,,
I,1 month ,L,Choroidal,0.11,,,,,,,,,,,,,,,,,,,,
I,1 month ,R,Total Retinal,0.277,,,,,,,,,,,,,,,,,,,,
I,1 month ,R,Retinal Nerve Fiber Layer,0.018,,,,,,,,,,,,,,,,,,,,
I,1 month ,R,Ganglion Cell Layer,0.024,,,,,,,,,,,,,,,,,,,,
I,1 month ,R,Inner Plexiform Layer,0.039,,,,,,,,,,,,,,,,,,,,
I,1 month ,R,Inner Nuclear Layer,0.036,,,,,,,,,,,,,,,,,,,,
I,1 month ,R,Outer Plexiform Layer,0.025,,,,,,,,,,,,,,,,,,,,
I,1 month ,R,Outer Nuclear Layer,0.061,,,,,,,,,,,,,,,,,,,,
I,1 month ,R,Photoreceptor Inner Segment,0.029,,,,,,,,,,,,,,,,,,,,
I,1 month ,R,Photoreceptor Outer Segment,0.047,,,,,,,,,,,,,,,,,,,,
I,1 month ,R,Choroidal,0.125,,,,,,,,,,,,,,,,,,,,
I,3 month,L,Total Retinal,0.279,,,,,,,,,,,,,,,,,,,,
I,3 month,L,Retinal Nerve Fiber Layer,0.018,,,,,,,,,,,,,,,,,,,,
I,3 month,L,Ganglion Cell Layer,0.029,,,,,,,,,,,,,,,,,,,,
I,3 month,L,Inner Plexiform Layer,0.032,,,,,,,,,,,,,,,,,,,,
I,3 month,L,Inner Nuclear Layer,0.036,,,,,,,,,,,,,,,,,,,,
I,3 month,L,Outer Plexiform Layer,0.02,,,,,,,,,,,,,,,,,,,,
I,3 month,L,Outer Nuclear Layer,0.066,,,,,,,,,,,,,,,,,,,,
I,3 month,L,Photoreceptor Inner Segment,0.033,,,,,,,,,,,,,,,,,,,,
I,3 month,L,Photoreceptor Outer Segment,0.045,,,,,,,,,,,,,,,,,,,,
I,3 month,L,Choroidal,0.116,,,,,,,,,,,,,,,,,,,,
I,3 month,R,Total Retinal,0.273,,,,,,,,,,,,,,,,,,,,
I,3 month,R,Retinal Nerve Fiber Layer,0.019,,,,,,,,,,,,,,,,,,,,
I,3 month,R,Ganglion Cell Layer,0.026,,,,,,,,,,,,,,,,,,,,
I,3 month,R,Inner Plexiform Layer,0.035,,,,,,,,,,,,,,,,,,,,
I,3 month,R,Inner Nuclear Layer,0.031,,,,,,,,,,,,,,,,,,,,
I,3 month,R,Outer Plexiform Layer,0.023,,,,,,,,,,,,,,,,,,,,
I,3 month,R,Outer Nuclear Layer,0.067,,,,,,,,,,,,,,,,,,,,
I,3 month,R,Photoreceptor Inner Segment,0.029,,,,,,,,,,,,,,,,,,,,
I,3 month,R,Photoreceptor Outer Segment,0.044,,,,,,,,,,,,,,,,,,,,
I,3 month,R,Choroidal,0.14,,,,,,,,,,,,,,,,,,,,
I,6 month,L,Total Retinal,0.285,,,,,,,,,,,,,,,,,,,,
I,6 month,L,Retinal Nerve Fiber Layer,0.021,,,,,,,,,,,,,,,,,,,,
I,6 month,L,Ganglion Cell Layer,0.025,,,,,,,,,,,,,,,,,,,,
I,6 month,L,Inner Plexiform Layer,0.034,,,,,,,,,,,,,,,,,,,,
I,6 month,L,Inner Nuclear Layer,0.039,,,,,,,,,,,,,,,,,,,,
I,6 month,L,Outer Plexiform Layer,0.023,,,,,,,,,,,,,,,,,,,,
I,6 month,L,Outer Nuclear Layer,0.066,,,,,,,,,,,,,,,,,,,,
I,6 month,L,Photoreceptor Inner Segment,0.032,,,,,,,,,,,,,,,,,,,,
I,6 month,L,Photoreceptor Outer Segment,0.047,,,,,,,,,,,,,,,,,,,,
I,6 month,L,Choroidal,0.119,,,,,,,,,,,,,,,,,,,,
I,6 month,R,Total Retinal,0.285,,,,,,,,,,,,,,,,,,,,
I,6 month,R,Retinal Nerve Fiber Layer,0.018,,,,,,,,,,,,,,,,,,,,
I,6 month,R,Ganglion Cell Layer,0.024,,,,,,,,,,,,,,,,,,,,
I,6 month,R,Inner Plexiform Layer,0.037,,,,,,,,,,,,,,,,,,,,
I,6 month,R,Inner Nuclear Layer,0.034,,,,,,,,,,,,,,,,,,,,
I,6 month,R,Outer Plexiform Layer,0.02,,,,,,,,,,,,,,,,,,,,
I,6 month,R,Outer Nuclear Layer,0.07,,,,,,,,,,,,,,,,,,,,
I,6 month,R,Photoreceptor Inner Segment,0.031,,,,,,,,,,,,,,,,,,,,
I,6 month,R,Photoreceptor Outer Segment,0.051,,,,,,,,,,,,,,,,,,,,
I,6 month,R,Choroidal,0.138,,,,,,,,,,,,,,,,,,,,
I,9 month,L,Total Retinal,0.285,,,,,,,,,,,,,,,,,,,,
I,9 month,L,Retinal Nerve Fiber Layer,0.019,,,,,,,,,,,,,,,,,,,,
I,9 month,L,Ganglion Cell Layer,0.024,,,,,,,,,,,,,,,,,,,,
I,9 month,L,Inner Plexiform Layer,0.037,,,,,,,,,,,,,,,,,,,,
I,9 month,L,Inner Nuclear Layer,0.037,,,,,,,,,,,,,,,,,,,,
I,9 month,L,Outer Plexiform Layer,0.02,,,,,,,,,,,,,,,,,,,,
I,9 month,L,Outer Nuclear Layer,0.069,,,,,,,,,,,,,,,,,,,,
I,9 month,L,Photoreceptor Inner Segment,0.031,,,,,,,,,,,,,,,,,,,,
I,9 month,L,Photoreceptor Outer Segment,0.048,,,,,,,,,,,,,,,,,,,,
I,9 month,L,Choroidal,0.145,,,,,,,,,,,,,,,,,,,,
I,9 month,R,Total Retinal,0.292,,,,,,,,,,,,,,,,,,,,
I,9 month,R,Retinal Nerve Fiber Layer,0.019,,,,,,,,,,,,,,,,,,,,
I,9 month,R,Ganglion Cell Layer,0.028,,,,,,,,,,,,,,,,,,,,
I,9 month,R,Inner Plexiform Layer,0.041,,,,,,,,,,,,,,,,,,,,
I,9 month,R,Inner Nuclear Layer,0.035,,,,,,,,,,,,,,,,,,,,
I,9 month,R,Outer Plexiform Layer,0.023,,,,,,,,,,,,,,,,,,,,
I,9 month,R,Outer Nuclear Layer,0.066,,,,,,,,,,,,,,,,,,,,
I,9 month,R,Photoreceptor Inner Segment,0.034,,,,,,,,,,,,,,,,,,,,
I,9 month,R,Photoreceptor Outer Segment,0.047,,,,,,,,,,,,,,,,,,,,
I,9 month,R,Choroidal,0.146,,,,,,,,,,,,,,,,,,,,
P1,1 month ,L,Total Retinal,0.285,,,,,,,,,,,,,,,,,,,,
P1,1 month ,L,Retinal Nerve Fiber Layer,0.023,,,,,,,,,,,,,,,,,,,,
P1,1 month ,L,Ganglion Cell Layer,0.022,,,,,,,,,,,,,,,,,,,,
P1,1 month ,L,Inner Plexiform Layer,0.041,,,,,,,,,,,,,,,,,,,,
P1,1 month ,L,Inner Nuclear Layer,0.034,,,,,,,,,,,,,,,,,,,,
P1,1 month ,L,Outer Plexiform Layer,0.025,,,,,,,,,,,,,,,,,,,,
P1,1 month ,L,Outer Nuclear Layer,0.063,,,,,,,,,,,,,,,,,,,,
P1,1 month ,L,Photoreceptor Inner Segment,0.033,,,,,,,,,,,,,,,,,,,,
P1,1 month ,L,Photoreceptor Outer Segment,0.043,,,,,,,,,,,,,,,,,,,,
P1,1 month ,L,Choroidal,0.093,,,,,,,,,,,,,,,,,,,,
P1,1 month ,R,Total Retinal,0.282,,,,,,,,,,,,,,,,,,,,
P1,1 month ,R,Retinal Nerve Fiber Layer,0.017,,,,,,,,,,,,,,,,,,,,
P1,1 month ,R,Ganglion Cell Layer,0.023,,,,,,,,,,,,,,,,,,,,
P1,1 month ,R,Inner Plexiform Layer,0.041,,,,,,,,,,,,,,,,,,,,
P1,1 month ,R,Inner Nuclear Layer,0.034,,,,,,,,,,,,,,,,,,,,
P1,1 month ,R,Outer Plexiform Layer,0.028,,,,,,,,,,,,,,,,,,,,
P1,1 month ,R,Outer Nuclear Layer,0.065,,,,,,,,,,,,,,,,,,,,
P1,1 month ,R,Photoreceptor Inner Segment,0.029,,,,,,,,,,,,,,,,,,,,
P1,1 month ,R,Photoreceptor Outer Segment,0.044,,,,,,,,,,,,,,,,,,,,
P1,1 month ,R,Choroidal,0.098,,,,,,,,,,,,,,,,,,,,
P1,3 month,L,Total Retinal,0.29,,,,,,,,,,,,,,,,,,,,
P1,3 month,L,Retinal Nerve Fiber Layer,0.018,,,,,,,,,,,,,,,,,,,,
P1,3 month,L,Ganglion Cell Layer,0.023,,,,,,,,,,,,,,,,,,,,
P1,3 month,L,Inner Plexiform Layer,0.033,,,,,,,,,,,,,,,,,,,,
P1,3 month,L,Inner Nuclear Layer,0.036,,,,,,,,,,,,,,,,,,,,
P1,3 month,L,Outer Plexiform Layer,0.022,,,,,,,,,,,,,,,,,,,,
P1,3 month,L,Outer Nuclear Layer,0.074,,,,,,,,,,,,,,,,,,,,
P1,3 month,L,Photoreceptor Inner Segment,0.031,,,,,,,,,,,,,,,,,,,,
P1,3 month,L,Photoreceptor Outer Segment,0.053,,,,,,,,,,,,,,,,,,,,
P1,3 month,L,Choroidal,0.141,,,,,,,,,,,,,,,,,,,,
P1,3 month,R,Total Retinal,0.29,,,,,,,,,,,,,,,,,,,,
P1,3 month,R,Retinal Nerve Fiber Layer,0.018,,,,,,,,,,,,,,,,,,,,
P1,3 month,R,Ganglion Cell Layer,0.021,,,,,,,,,,,,,,,,,,,,
P1,3 month,R,Inner Plexiform Layer,0.037,,,,,,,,,,,,,,,,,,,,
P1,3 month,R,Inner Nuclear Layer,0.031,,,,,,,,,,,,,,,,,,,,
P1,3 month,R,Outer Plexiform Layer,0.025,,,,,,,,,,,,,,,,,,,,
P1,3 month,R,Outer Nuclear Layer,0.074,,,,,,,,,,,,,,,,,,,,
P1,3 month,R,Photoreceptor Inner Segment,0.031,,,,,,,,,,,,,,,,,,,,
P1,3 month,R,Photoreceptor Outer Segment,0.054,,,,,,,,,,,,,,,,,,,,
P1,3 month,R,Choroidal,0.115,,,,,,,,,,,,,,,,,,,,
P1,6 month,L,Total Retinal,0.294,,,,,,,,,,,,,,,,,,,,
P1,6 month,L,Retinal Nerve Fiber Layer,0.018,,,,,,,,,,,,,,,,,,,,
P1,6 month,L,Ganglion Cell Layer,0.019,,,,,,,,,,,,,,,,,,,,
P1,6 month,L,Inner Plexiform Layer,0.041,,,,,,,,,,,,,,,,,,,,
P1,6 month,L,Inner Nuclear Layer,0.035,,,,,,,,,,,,,,,,,,,,
P1,6 month,L,Outer Plexiform Layer,0.022,,,,,,,,,,,,,,,,,,,,
P1,6 month,L,Outer Nuclear Layer,0.079,,,,,,,,,,,,,,,,,,,,
P1,6 month,L,Photoreceptor Inner Segment,0.03,,,,,,,,,,,,,,,,,,,,
P1,6 month,L,Photoreceptor Outer Segment,0.049,,,,,,,,,,,,,,,,,,,,
P1,6 month,L,Choroidal,0.133,,,,,,,,,,,,,,,,,,,,
P1,6 month,R,Total Retinal,0.293,,,,,,,,,,,,,,,,,,,,
P1,6 month,R,Retinal Nerve Fiber Layer,0.019,,,,,,,,,,,,,,,,,,,,
P1,6 month,R,Ganglion Cell Layer,0.019,,,,,,,,,,,,,,,,,,,,
P1,6 month,R,Inner Plexiform Layer,0.036,,,,,,,,,,,,,,,,,,,,
P1,6 month,R,Inner Nuclear Layer,0.04,,,,,,,,,,,,,,,,,,,,
P1,6 month,R,Outer Plexiform Layer,0.021,,,,,,,,,,,,,,,,,,,,
P1,6 month,R,Outer Nuclear Layer,0.077,,,,,,,,,,,,,,,,,,,,
P1,6 month,R,Photoreceptor Inner Segment,0.031,,,,,,,,,,,,,,,,,,,,
P1,6 month,R,Photoreceptor Outer Segment,0.051,,,,,,,,,,,,,,,,,,,,
P1,6 month,R,Choroidal,0.137,,,,,,,,,,,,,,,,,,,,
P1,9 month,L,Total Retinal,0.301,,,,,,,,,,,,,,,,,,,,
P1,9 month,L,Retinal Nerve Fiber Layer,0.018,,,,,,,,,,,,,,,,,,,,
P1,9 month,L,Ganglion Cell Layer,0.02,,,,,,,,,,,,,,,,,,,,
P1,9 month,L,Inner Plexiform Layer,0.041,,,,,,,,,,,,,,,,,,,,
P1,9 month,L,Inner Nuclear Layer,0.035,,,,,,,,,,,,,,,,,,,,
P1,9 month,L,Outer Plexiform Layer,0.021,,,,,,,,,,,,,,,,,,,,
P1,9 month,L,Outer Nuclear Layer,0.08,,,,,,,,,,,,,,,,,,,,
P1,9 month,L,Photoreceptor Inner Segment,0.031,,,,,,,,,,,,,,,,,,,,
P1,9 month,L,Photoreceptor Outer Segment,0.055,,,,,,,,,,,,,,,,,,,,
P1,9 month,L,Choroidal,0.153,,,,,,,,,,,,,,,,,,,,
P1,9 month,R,Total Retinal,0.298,,,,,,,,,,,,,,,,,,,,
P1,9 month,R,Retinal Nerve Fiber Layer,0.018,,,,,,,,,,,,,,,,,,,,
P1,9 month,R,Ganglion Cell Layer,0.019,,,,,,,,,,,,,,,,,,,,
P1,9 month,R,Inner Plexiform Layer,0.043,,,,,,,,,,,,,,,,,,,,
P1,9 month,R,Inner Nuclear Layer,0.035,,,,,,,,,,,,,,,,,,,,
P1,9 month,R,Outer Plexiform Layer,0.022,,,,,,,,,,,,,,,,,,,,
P1,9 month,R,Outer Nuclear Layer,0.077,,,,,,,,,,,,,,,,,,,,
P1,9 month,R,Photoreceptor Inner Segment,0.032,,,,,,,,,,,,,,,,,,,,
P1,9 month,R,Photoreceptor Outer Segment,0.052,,,,,,,,,,,,,,,,,,,,
P1,9 month,R,Choroidal,0.122,,,,,,,,,,,,,,,,,,,,
P1,12 month,L,Total Retinal,0.305,,,,,,,,,,,,,,,,,,,,
P1,12 month,L,Retinal Nerve Fiber Layer,0.019,,,,,,,,,,,,,,,,,,,,
P1,12 month,L,Ganglion Cell Layer,0.02,,,,,,,,,,,,,,,,,,,,
P1,12 month,L,Inner Plexiform Layer,0.038,,,,,,,,,,,,,,,,,,,,
P1,12 month,L,Inner Nuclear Layer,0.039,,,,,,,,,,,,,,,,,,,,
P1,12 month,L,Outer Plexiform Layer,0.02,,,,,,,,,,,,,,,,,,,,
P1,12 month,L,Outer Nuclear Layer,0.081,,,,,,,,,,,,,,,,,,,,
P1,12 month,L,Photoreceptor Inner Segment,0.03,,,,,,,,,,,,,,,,,,,,
P1,12 month,L,Photoreceptor Outer Segment,0.058,,,,,,,,,,,,,,,,,,,,
P1,12 month,L,Choroidal,0.137,,,,,,,,,,,,,,,,,,,,
P1,12 month,R,Total Retinal,0.307,,,,,,,,,,,,,,,,,,,,
P1,12 month,R,Retinal Nerve Fiber Layer,0.018,,,,,,,,,,,,,,,,,,,,
P1,12 month,R,Ganglion Cell Layer,0.024,,,,,,,,,,,,,,,,,,,,
P1,12 month,R,Inner Plexiform Layer,0.039,,,,,,,,,,,,,,,,,,,,
P1,12 month,R,Inner Nuclear Layer,0.038,,,,,,,,,,,,,,,,,,,,
P1,12 month,R,Outer Plexiform Layer,0.023,,,,,,,,,,,,,,,,,,,,
P1,12 month,R,Outer Nuclear Layer,0.075,,,,,,,,,,,,,,,,,,,,
P1,12 month,R,Photoreceptor Inner Segment,0.03,,,,,,,,,,,,,,,,,,,,
P1,12 month,R,Photoreceptor Outer Segment,0.06,,,,,,,,,,,,,,,,,,,,
P1,12 month,R,Choroidal,0.136,,,,,,,,,,,,,,,,,,,,
Q,1 month ,L,Total Retinal,0.264,,,,,,,,,,,,,,,,,,,,
Q,1 month ,L,Retinal Nerve Fiber Layer,0.016,,,,,,,,,,,,,,,,,,,,
Q,1 month ,L,Ganglion Cell Layer,0.023,,,,,,,,,,,,,,,,,,,,
Q,1 month ,L,Inner Plexiform Layer,0.035,,,,,,,,,,,,,,,,,,,,
Q,1 month ,L,Inner Nuclear Layer,0.032,,,,,,,,,,,,,,,,,,,,
Q,1 month ,L,Outer Plexiform Layer,0.02,,,,,,,,,,,,,,,,,,,,
Q,1 month ,L,Outer Nuclear Layer,0.07,,,,,,,,,,,,,,,,,,,,
Q,1 month ,L,Photoreceptor Inner Segment,0.029,,,,,,,,,,,,,,,,,,,,
Q,1 month ,L,Photoreceptor Outer Segment,0.04,,,,,,,,,,,,,,,,,,,,
Q,1 month ,L,Choroidal,0.107,,,,,,,,,,,,,,,,,,,,
Q,1 month ,R,Total Retinal,0.264,,,,,,,,,,,,,,,,,,,,
Q,1 month ,R,Retinal Nerve Fiber Layer,0.016,,,,,,,,,,,,,,,,,,,,
Q,1 month ,R,Ganglion Cell Layer,0.022,,,,,,,,,,,,,,,,,,,,
Q,1 month ,R,Inner Plexiform Layer,0.035,,,,,,,,,,,,,,,,,,,,
Q,1 month ,R,Inner Nuclear Layer,0.035,,,,,,,,,,,,,,,,,,,,
Q,1 month ,R,Outer Plexiform Layer,0.021,,,,,,,,,,,,,,,,,,,,
Q,1 month ,R,Outer Nuclear Layer,0.063,,,,,,,,,,,,,,,,,,,,
Q,1 month ,R,Photoreceptor Inner Segment,0.028,,,,,,,,,,,,,,,,,,,,
Q,1 month ,R,Photoreceptor Outer Segment,0.045,,,,,,,,,,,,,,,,,,,,
Q,1 month ,R,Choroidal,0.135,,,,,,,,,,,,,,,,,,,,
Q,3 month,L,Total Retinal,0.272,,,,,,,,,,,,,,,,,,,,
Q,3 month,L,Retinal Nerve Fiber Layer,0.018,,,,,,,,,,,,,,,,,,,,
Q,3 month,L,Ganglion Cell Layer,0.022,,,,,,,,,,,,,,,,,,,,
Q,3 month,L,Inner Plexiform Layer,0.032,,,,,,,,,,,,,,,,,,,,
Q,3 month,L,Inner Nuclear Layer,0.032,,,,,,,,,,,,,,,,,,,,
Q,3 month,L,Outer Plexiform Layer,0.023,,,,,,,,,,,,,,,,,,,,
Q,3 month,L,Outer Nuclear Layer,0.072,,,,,,,,,,,,,,,,,,,,
Q,3 month,L,Photoreceptor Inner Segment,0.025,,,,,,,,,,,,,,,,,,,,
Q,3 month,L,Photoreceptor Outer Segment,0.048,,,,,,,,,,,,,,,,,,,,
Q,3 month,L,Choroidal,0.115,,,,,,,,,,,,,,,,,,,,
Q,3 month,R,Total Retinal,0.267,,,,,,,,,,,,,,,,,,,,
Q,3 month,R,Retinal Nerve Fiber Layer,0.015,,,,,,,,,,,,,,,,,,,,
Q,3 month,R,Ganglion Cell Layer,0.022,,,,,,,,,,,,,,,,,,,,
Q,3 month,R,Inner Plexiform Layer,0.034,,,,,,,,,,,,,,,,,,,,
Q,3 month,R,Inner Nuclear Layer,0.034,,,,,,,,,,,,,,,,,,,,
Q,3 month,R,Outer Plexiform Layer,0.022,,,,,,,,,,,,,,,,,,,,
Q,3 month,R,Outer Nuclear Layer,0.07,,,,,,,,,,,,,,,,,,,,
Q,3 month,R,Photoreceptor Inner Segment,0.026,,,,,,,,,,,,,,,,,,,,
Q,3 month,R,Photoreceptor Outer Segment,0.045,,,,,,,,,,,,,,,,,,,,
Q,3 month,R,Choroidal,0.122,,,,,,,,,,,,,,,,,,,,
Q,6 month,L,Total Retinal,0.272,,,,,,,,,,,,,,,,,,,,
Q,6 month,L,Retinal Nerve Fiber Layer,0.02,,,,,,,,,,,,,,,,,,,,
Q,6 month,L,Ganglion Cell Layer,0.022,,,,,,,,,,,,,,,,,,,,
Q,6 month,L,Inner Plexiform Layer,0.034,,,,,,,,,,,,,,,,,,,,
Q,6 month,L,Inner Nuclear Layer,0.034,,,,,,,,,,,,,,,,,,,,
Q,6 month,L,Outer Plexiform Layer,0.019,,,,,,,,,,,,,,,,,,,,
Q,6 month,L,Outer Nuclear Layer,0.069,,,,,,,,,,,,,,,,,,,,
Q,6 month,L,Photoreceptor Inner Segment,0.033,,,,,,,,,,,,,,,,,,,,
Q,6 month,L,Photoreceptor Outer Segment,0.041,,,,,,,,,,,,,,,,,,,,
Q,6 month,L,Choroidal,0.114,,,,,,,,,,,,,,,,,,,,
Q,6 month,R,Total Retinal,0.276,,,,,,,,,,,,,,,,,,,,
Q,6 month,R,Retinal Nerve Fiber Layer,0.021,,,,,,,,,,,,,,,,,,,,
Q,6 month,R,Ganglion Cell Layer,0.021,,,,,,,,,,,,,,,,,,,,
Q,6 month,R,Inner Plexiform Layer,0.038,,,,,,,,,,,,,,,,,,,,
Q,6 month,R,Inner Nuclear Layer,0.031,,,,,,,,,,,,,,,,,,,,
Q,6 month,R,Outer Plexiform Layer,0.023,,,,,,,,,,,,,,,,,,,,
Q,6 month,R,Outer Nuclear Layer,0.066,,,,,,,,,,,,,,,,,,,,
Q,6 month,R,Photoreceptor Inner Segment,0.033,,,,,,,,,,,,,,,,,,,,
Q,6 month,R,Photoreceptor Outer Segment,0.042,,,,,,,,,,,,,,,,,,,,
Q,6 month,R,Choroidal,0.127,,,,,,,,,,,,,,,,,,,,
Q,9 month,L,Total Retinal,0.288,,,,,,,,,,,,,,,,,,,,
Q,9 month,L,Retinal Nerve Fiber Layer,0.019,,,,,,,,,,,,,,,,,,,,
Q,9 month,L,Ganglion Cell Layer,0.022,,,,,,,,,,,,,,,,,,,,
Q,9 month,L,Inner Plexiform Layer,0.034,,,,,,,,,,,,,,,,,,,,
Q,9 month,L,Inner Nuclear Layer,0.032,,,,,,,,,,,,,,,,,,,,
Q,9 month,L,Outer Plexiform Layer,0.024,,,,,,,,,,,,,,,,,,,,
Q,9 month,L,Outer Nuclear Layer,0.072,,,,,,,,,,,,,,,,,,,,
Q,9 month,L,Photoreceptor Inner Segment,0.03,,,,,,,,,,,,,,,,,,,,
Q,9 month,L,Photoreceptor Outer Segment,0.054,,,,,,,,,,,,,,,,,,,,
Q,9 month,L,Choroidal,0.131,,,,,,,,,,,,,,,,,,,,
Q,9 month,R,Total Retinal,0.277,,,,,,,,,,,,,,,,,,,,
Q,9 month,R,Retinal Nerve Fiber Layer,0.018,,,,,,,,,,,,,,,,,,,,
Q,9 month,R,Ganglion Cell Layer,0.018,,,,,,,,,,,,,,,,,,,,
Q,9 month,R,Inner Plexiform Layer,0.036,,,,,,,,,,,,,,,,,,,,
Q,9 month,R,Inner Nuclear Layer,0.035,,,,,,,,,,,,,,,,,,,,
Q,9 month,R,Outer Plexiform Layer,0.019,,,,,,,,,,,,,,,,,,,,
Q,9 month,R,Outer Nuclear Layer,0.074,,,,,,,,,,,,,,,,,,,,
Q,9 month,R,Photoreceptor Inner Segment,0.029,,,,,,,,,,,,,,,,,,,,
Q,9 month,R,Photoreceptor Outer Segment,0.049,,,,,,,,,,,,,,,,,,,,
Q,9 month,R,Choroidal,0.118,,,,,,,,,,,,,,,,,,,,
Q,12 month,L,Total Retinal,0.285,,,,,,,,,,,,,,,,,,,,
Q,12 month,L,Retinal Nerve Fiber Layer,0.018,,,,,,,,,,,,,,,,,,,,
Q,12 month,L,Ganglion Cell Layer,0.022,,,,,,,,,,,,,,,,,,,,
Q,12 month,L,Inner Plexiform Layer,0.035,,,,,,,,,,,,,,,,,,,,
Q,12 month,L,Inner Nuclear Layer,0.036,,,,,,,,,,,,,,,,,,,,
Q,12 month,L,Outer Plexiform Layer,0.017,,,,,,,,,,,,,,,,,,,,
Q,12 month,L,Outer Nuclear Layer,0.08,,,,,,,,,,,,,,,,,,,,
Q,12 month,L,Photoreceptor Inner Segment,0.028,,,,,,,,,,,,,,,,,,,,
Q,12 month,L,Photoreceptor Outer Segment,0.05,,,,,,,,,,,,,,,,,,,,
Q,12 month,L,Choroidal,0.079,,,,,,,,,,,,,,,,,,,,
Q,12 month,R,Total Retinal,0.279,,,,,,,,,,,,,,,,,,,,
Q,12 month,R,Retinal Nerve Fiber Layer,0.017,,,,,,,,,,,,,,,,,,,,
Q,12 month,R,Ganglion Cell Layer,0.023,,,,,,,,,,,,,,,,,,,,
Q,12 month,R,Inner Plexiform Layer,0.036,,,,,,,,,,,,,,,,,,,,
Q,12 month,R,Inner Nuclear Layer,0.03,,,,,,,,,,,,,,,,,,,,
Q,12 month,R,Outer Plexiform Layer,0.023,,,,,,,,,,,,,,,,,,,,
Q,12 month,R,Outer Nuclear Layer,0.073,,,,,,,,,,,,,,,,,,,,
Q,12 month,R,Photoreceptor Inner Segment,0.028,,,,,,,,,,,,,,,,,,,,
Q,12 month,R,Photoreceptor Outer Segment,0.049,,,,,,,,,,,,,,,,,,,,
Q,12 month,R,Choroidal,0.113,,,,,,,,,,,,,,,,,,,,
R,1 month ,L,Total Retinal,0.273,,,,,,,,,,,,,,,,,,,,
R,1 month ,L,Retinal Nerve Fiber Layer,0.022,,,,,,,,,,,,,,,,,,,,
R,1 month ,L,Ganglion Cell Layer,0.026,,,,,,,,,,,,,,,,,,,,
R,1 month ,L,Inner Plexiform Layer,0.041,,,,,,,,,,,,,,,,,,,,
R,1 month ,L,Inner Nuclear Layer,0.039,,,,,,,,,,,,,,,,,,,,
R,1 month ,L,Outer Plexiform Layer,0.023,,,,,,,,,,,,,,,,,,,,
R,1 month ,L,Outer Nuclear Layer,0.058,,,,,,,,,,,,,,,,,,,,
R,1 month ,L,Photoreceptor Inner Segment,0.032,,,,,,,,,,,,,,,,,,,,
R,1 month ,L,Photoreceptor Outer Segment,0.031,,,,,,,,,,,,,,,,,,,,
R,1 month ,L,Choroidal,0.138,,,,,,,,,,,,,,,,,,,,
R,1 month ,R,Total Retinal,0.276,,,,,,,,,,,,,,,,,,,,
R,1 month ,R,Retinal Nerve Fiber Layer,0.023,,,,,,,,,,,,,,,,,,,,
R,1 month ,R,Ganglion Cell Layer,0.028,,,,,,,,,,,,,,,,,,,,
R,1 month ,R,Inner Plexiform Layer,0.042,,,,,,,,,,,,,,,,,,,,
R,1 month ,R,Inner Nuclear Layer,0.033,,,,,,,,,,,,,,,,,,,,
R,1 month ,R,Outer Plexiform Layer,0.027,,,,,,,,,,,,,,,,,,,,
R,1 month ,R,Outer Nuclear Layer,0.059,,,,,,,,,,,,,,,,,,,,
R,1 month ,R,Photoreceptor Inner Segment,0.028,,,,,,,,,,,,,,,,,,,,
R,1 month ,R,Photoreceptor Outer Segment,0.036,,,,,,,,,,,,,,,,,,,,
R,1 month ,R,Choroidal,0.134,,,,,,,,,,,,,,,,,,,,
R,3 month,L,Total Retinal,0.281,,,,,,,,,,,,,,,,,,,,
R,3 month,L,Retinal Nerve Fiber Layer,0.022,,,,,,,,,,,,,,,,,,,,
R,3 month,L,Ganglion Cell Layer,0.026,,,,,,,,,,,,,,,,,,,,
R,3 month,L,Inner Plexiform Layer,0.035,,,,,,,,,,,,,,,,,,,,
R,3 month,L,Inner Nuclear Layer,0.031,,,,,,,,,,,,,,,,,,,,
R,3 month,L,Outer Plexiform Layer,0.026,,,,,,,,,,,,,,,,,,,,
R,3 month,L,Outer Nuclear Layer,0.073,,,,,,,,,,,,,,,,,,,,
R,3 month,L,Photoreceptor Inner Segment,0.029,,,,,,,,,,,,,,,,,,,,
R,3 month,L,Photoreceptor Outer Segment,0.039,,,,,,,,,,,,,,,,,,,,
R,3 month,L,Choroidal,0.135,,,,,,,,,,,,,,,,,,,,
R,3 month,R,Total Retinal,0.284,,,,,,,,,,,,,,,,,,,,
R,3 month,R,Retinal Nerve Fiber Layer,0.023,,,,,,,,,,,,,,,,,,,,
R,3 month,R,Ganglion Cell Layer,0.022,,,,,,,,,,,,,,,,,,,,
R,3 month,R,Inner Plexiform Layer,0.042,,,,,,,,,,,,,,,,,,,,
R,3 month,R,Inner Nuclear Layer,0.032,,,,,,,,,,,,,,,,,,,,
R,3 month,R,Outer Plexiform Layer,0.029,,,,,,,,,,,,,,,,,,,,
R,3 month,R,Outer Nuclear Layer,0.068,,,,,,,,,,,,,,,,,,,,
R,3 month,R,Photoreceptor Inner Segment,0.03,,,,,,,,,,,,,,,,,,,,
R,3 month,R,Photoreceptor Outer Segment,0.038,,,,,,,,,,,,,,,,,,,,
R,3 month,R,Choroidal,0.142,,,,,,,,,,,,,,,,,,,,
R,6 month,L,Total Retinal,0.294,,,,,,,,,,,,,,,,,,,,
R,6 month,L,Retinal Nerve Fiber Layer,0.021,,,,,,,,,,,,,,,,,,,,
R,6 month,L,Ganglion Cell Layer,0.022,,,,,,,,,,,,,,,,,,,,
R,6 month,L,Inner Plexiform Layer,0.046,,,,,,,,,,,,,,,,,,,,
R,6 month,L,Inner Nuclear Layer,0.027,,,,,,,,,,,,,,,,,,,,
R,6 month,L,Outer Plexiform Layer,0.03,,,,,,,,,,,,,,,,,,,,
R,6 month,L,Outer Nuclear Layer,0.072,,,,,,,,,,,,,,,,,,,,
R,6 month,L,Photoreceptor Inner Segment,0.03,,,,,,,,,,,,,,,,,,,,
R,6 month,L,Photoreceptor Outer Segment,0.045,,,,,,,,,,,,,,,,,,,,
R,6 month,L,Choroidal,0.158,,,,,,,,,,,,,,,,,,,,
R,6 month,R,Total Retinal,0.289,,,,,,,,,,,,,,,,,,,,
R,6 month,R,Retinal Nerve Fiber Layer,0.021,,,,,,,,,,,,,,,,,,,,
R,6 month,R,Ganglion Cell Layer,0.026,,,,,,,,,,,,,,,,,,,,
R,6 month,R,Inner Plexiform Layer,0.039,,,,,,,,,,,,,,,,,,,,
R,6 month,R,Inner Nuclear Layer,0.029,,,,,,,,,,,,,,,,,,,,
R,6 month,R,Outer Plexiform Layer,0.026,,,,,,,,,,,,,,,,,,,,
R,6 month,R,Outer Nuclear Layer,0.074,,,,,,,,,,,,,,,,,,,,
R,6 month,R,Photoreceptor Inner Segment,0.03,,,,,,,,,,,,,,,,,,,,
R,6 month,R,Photoreceptor Outer Segment,0.045,,,,,,,,,,,,,,,,,,,,
R,6 month,R,Choroidal,0.16,,,,,,,,,,,,,,,,,,,,
R,9 month,L,Total Retinal,0.289,,,,,,,,,,,,,,,,,,,,
R,9 month,L,Retinal Nerve Fiber Layer,0.02,,,,,,,,,,,,,,,,,,,,
R,9 month,L,Ganglion Cell Layer,0.022,,,,,,,,,,,,,,,,,,,,
R,9 month,L,Inner Plexiform Layer,0.038,,,,,,,,,,,,,,,,,,,,
R,9 month,L,Inner Nuclear Layer,0.036,,,,,,,,,,,,,,,,,,,,
R,9 month,L,Outer Plexiform Layer,0.023,,,,,,,,,,,,,,,,,,,,
R,9 month,L,Outer Nuclear Layer,0.073,,,,,,,,,,,,,,,,,,,,
R,9 month,L,Photoreceptor Inner Segment,0.031,,,,,,,,,,,,,,,,,,,,
R,9 month,L,Photoreceptor Outer Segment,0.046,,,,,,,,,,,,,,,,,,,,
R,9 month,L,Choroidal,0.154,,,,,,,,,,,,,,,,,,,,
R,9 month,R,Total Retinal,0.292,,,,,,,,,,,,,,,,,,,,
R,9 month,R,Retinal Nerve Fiber Layer,0.019,,,,,,,,,,,,,,,,,,,,
R,9 month,R,Ganglion Cell Layer,0.018,,,,,,,,,,,,,,,,,,,,
R,9 month,R,Inner Plexiform Layer,0.045,,,,,,,,,,,,,,,,,,,,
R,9 month,R,Inner Nuclear Layer,0.032,,,,,,,,,,,,,,,,,,,,
R,9 month,R,Outer Plexiform Layer,0.023,,,,,,,,,,,,,,,,,,,,
R,9 month,R,Outer Nuclear Layer,0.075,,,,,,,,,,,,,,,,,,,,
R,9 month,R,Photoreceptor Inner Segment,0.028,,,,,,,,,,,,,,,,,,,,
R,9 month,R,Photoreceptor Outer Segment,0.052,,,,,,,,,,,,,,,,,,,,
R,9 month,R,Choroidal,0.175,,,,,,,,,,,,,,,,,,,,
R,12 month,L,Total Retinal,0.298,,,,,,,,,,,,,,,,,,,,
R,12 month,L,Retinal Nerve Fiber Layer,0.018,,,,,,,,,,,,,,,,,,,,
R,12 month,L,Ganglion Cell Layer,0.023,,,,,,,,,,,,,,,,,,,,
R,12 month,L,Inner Plexiform Layer,0.042,,,,,,,,,,,,,,,,,,,,
R,12 month,L,Inner Nuclear Layer,0.034,,,,,,,,,,,,,,,,,,,,
R,12 month,L,Outer Plexiform Layer,0.025,,,,,,,,,,,,,,,,,,,,
R,12 month,L,Outer Nuclear Layer,0.079,,,,,,,,,,,,,,,,,,,,
R,12 month,L,Photoreceptor Inner Segment,0.026,,,,,,,,,,,,,,,,,,,,
R,12 month,L,Photoreceptor Outer Segment,0.051,,,,,,,,,,,,,,,,,,,,
R,12 month,L,Choroidal,0.138,,,,,,,,,,,,,,,,,,,,
R,12 month,R,Total Retinal,0.292,,,,,,,,,,,,,,,,,,,,
R,12 month,R,Retinal Nerve Fiber Layer,0.018,,,,,,,,,,,,,,,,,,,,
R,12 month,R,Ganglion Cell Layer,0.023,,,,,,,,,,,,,,,,,,,,
R,12 month,R,Inner Plexiform Layer,0.04,,,,,,,,,,,,,,,,,,,,
R,12 month,R,Inner Nuclear Layer,0.034,,,,,,,,,,,,,,,,,,,,
R,12 month,R,Outer Plexiform Layer,0.022,,,,,,,,,,,,,,,,,,,,
R,12 month,R,Outer Nuclear Layer,0.076,,,,,,,,,,,,,,,,,,,,
R,12 month,R,Photoreceptor Inner Segment,0.027,,,,,,,,,,,,,,,,,,,,
R,12 month,R,Photoreceptor Outer Segment,0.051,,,,,,,,,,,,,,,,,,,,
R,12 month,R,Choroidal,0.16,,,,,,,,,,,,,,,,,,,,
S,1 month ,L,Total Retinal,0.29,,,,,,,,,,,,,,,,,,,,
S,1 month ,L,Retinal Nerve Fiber Layer,0.02,,,,,,,,,,,,,,,,,,,,
S,1 month ,L,Ganglion Cell Layer,0.024,,,,,,,,,,,,,,,,,,,,
S,1 month ,L,Inner Plexiform Layer,0.046,,,,,,,,,,,,,,,,,,,,
S,1 month ,L,Inner Nuclear Layer,0.036,,,,,,,,,,,,,,,,,,,,
S,1 month ,L,Outer Plexiform Layer,0.027,,,,,,,,,,,,,,,,,,,,
S,1 month ,L,Outer Nuclear Layer,0.065,,,,,,,,,,,,,,,,,,,,
S,1 month ,L,Photoreceptor Inner Segment,0.025,,,,,,,,,,,,,,,,,,,,
S,1 month ,L,Photoreceptor Outer Segment,0.046,,,,,,,,,,,,,,,,,,,,
S,1 month ,L,Choroidal,0.119,,,,,,,,,,,,,,,,,,,,
S,1 month ,R,Total Retinal,0.279,,,,,,,,,,,,,,,,,,,,
S,1 month ,R,Retinal Nerve Fiber Layer,0.017,,,,,,,,,,,,,,,,,,,,
S,1 month ,R,Ganglion Cell Layer,0.022,,,,,,,,,,,,,,,,,,,,
S,1 month ,R,Inner Plexiform Layer,0.049,,,,,,,,,,,,,,,,,,,,
S,1 month ,R,Inner Nuclear Layer,0.034,,,,,,,,,,,,,,,,,,,,
S,1 month ,R,Outer Plexiform Layer,0.026,,,,,,,,,,,,,,,,,,,,
S,1 month ,R,Outer Nuclear Layer,0.062,,,,,,,,,,,,,,,,,,,,
S,1 month ,R,Photoreceptor Inner Segment,0.026,,,,,,,,,,,,,,,,,,,,
S,1 month ,R,Photoreceptor Outer Segment,0.043,,,,,,,,,,,,,,,,,,,,
S,1 month ,R,Choroidal,0.135,,,,,,,,,,,,,,,,,,,,
S,3 month,L,Total Retinal,0.284,,,,,,,,,,,,,,,,,,,,
S,3 month,L,Retinal Nerve Fiber Layer,0.018,,,,,,,,,,,,,,,,,,,,
S,3 month,L,Ganglion Cell Layer,0.025,,,,,,,,,,,,,,,,,,,,
S,3 month,L,Inner Plexiform Layer,0.037,,,,,,,,,,,,,,,,,,,,
S,3 month,L,Inner Nuclear Layer,0.037,,,,,,,,,,,,,,,,,,,,
S,3 month,L,Outer Plexiform Layer,0.02,,,,,,,,,,,,,,,,,,,,
S,3 month,L,Outer Nuclear Layer,0.07,,,,,,,,,,,,,,,,,,,,
S,3 month,L,Photoreceptor Inner Segment,0.026,,,,,,,,,,,,,,,,,,,,
S,3 month,L,Photoreceptor Outer Segment,0.05,,,,,,,,,,,,,,,,,,,,
S,3 month,L,Choroidal,0.13,,,,,,,,,,,,,,,,,,,,
S,3 month,R,Total Retinal,0.286,,,,,,,,,,,,,,,,,,,,
S,3 month,R,Retinal Nerve Fiber Layer,0.019,,,,,,,,,,,,,,,,,,,,
S,3 month,R,Ganglion Cell Layer,0.02,,,,,,,,,,,,,,,,,,,,
S,3 month,R,Inner Plexiform Layer,0.043,,,,,,,,,,,,,,,,,,,,
S,3 month,R,Inner Nuclear Layer,0.039,,,,,,,,,,,,,,,,,,,,
S,3 month,R,Outer Plexiform Layer,0.024,,,,,,,,,,,,,,,,,,,,
S,3 month,R,Outer Nuclear Layer,0.067,,,,,,,,,,,,,,,,,,,,
S,3 month,R,Photoreceptor Inner Segment,0.027,,,,,,,,,,,,,,,,,,,,
S,3 month,R,Photoreceptor Outer Segment,0.048,,,,,,,,,,,,,,,,,,,,
S,3 month,R,Choroidal,0.142,,,,,,,,,,,,,,,,,,,,
S,6 month,L,Total Retinal,0.293,,,,,,,,,,,,,,,,,,,,
S,6 month,L,Retinal Nerve Fiber Layer,0.018,,,,,,,,,,,,,,,,,,,,
S,6 month,L,Ganglion Cell Layer,0.021,,,,,,,,,,,,,,,,,,,,
S,6 month,L,Inner Plexiform Layer,0.041,,,,,,,,,,,,,,,,,,,,
S,6 month,L,Inner Nuclear Layer,0.039,,,,,,,,,,,,,,,,,,,,
S,6 month,L,Outer Plexiform Layer,0.02,,,,,,,,,,,,,,,,,,,,
S,6 month,L,Outer Nuclear Layer,0.076,,,,,,,,,,,,,,,,,,,,
S,6 month,L,Photoreceptor Inner Segment,0.027,,,,,,,,,,,,,,,,,,,,
S,6 month,L,Photoreceptor Outer Segment,0.05,,,,,,,,,,,,,,,,,,,,
S,6 month,L,Choroidal,0.124,,,,,,,,,,,,,,,,,,,,
S,6 month,R,Total Retinal,0.286,,,,,,,,,,,,,,,,,,,,
S,6 month,R,Retinal Nerve Fiber Layer,0.019,,,,,,,,,,,,,,,,,,,,
S,6 month,R,Ganglion Cell Layer,0.022,,,,,,,,,,,,,,,,,,,,
S,6 month,R,Inner Plexiform Layer,0.038,,,,,,,,,,,,,,,,,,,,
S,6 month,R,Inner Nuclear Layer,0.037,,,,,,,,,,,,,,,,,,,,
S,6 month,R,Outer Plexiform Layer,0.021,,,,,,,,,,,,,,,,,,,,
S,6 month,R,Outer Nuclear Layer,0.07,,,,,,,,,,,,,,,,,,,,
S,6 month,R,Photoreceptor Inner Segment,0.029,,,,,,,,,,,,,,,,,,,,
S,6 month,R,Photoreceptor Outer Segment,0.05,,,,,,,,,,,,,,,,,,,,
S,6 month,R,Choroidal,0.108,,,,,,,,,,,,,,,,,,,,
S,12 month,R,Total Retinal,0.29,,,,,,,,,,,,,,,,,,,,
S,12 month,R,Retinal Nerve Fiber Layer,0.018,,,,,,,,,,,,,,,,,,,,
S,12 month,R,Ganglion Cell Layer,0.021,,,,,,,,,,,,,,,,,,,,
S,12 month,R,Inner Plexiform Layer,0.042,,,,,,,,,,,,,,,,,,,,
S,12 month,R,Inner Nuclear Layer,0.033,,,,,,,,,,,,,,,,,,,,
S,12 month,R,Outer Plexiform Layer,0.025,,,,,,,,,,,,,,,,,,,,
S,12 month,R,Outer Nuclear Layer,0.073,,,,,,,,,,,,,,,,,,,,
S,12 month,R,Photoreceptor Inner Segment,0.028,,,,,,,,,,,,,,,,,,,,
S,12 month,R,Photoreceptor Outer Segment,0.052,,,,,,,,,,,,,,,,,,,,
S,12 month,R,Choroidal,0.17,,,,,,,,,,,,,,,,,,,,
T,1 month ,L,Total Retinal,0.274,,,,,,,,,,,,,,,,,,,,
T,1 month ,L,Retinal Nerve Fiber Layer,0.019,,,,,,,,,,,,,,,,,,,,
T,1 month ,L,Ganglion Cell Layer,0.027,,,,,,,,,,,,,,,,,,,,
T,1 month ,L,Inner Plexiform Layer,0.041,,,,,,,,,,,,,,,,,,,,
T,1 month ,L,Inner Nuclear Layer,0.034,,,,,,,,,,,,,,,,,,,,
T,1 month ,L,Outer Plexiform Layer,0.021,,,,,,,,,,,,,,,,,,,,
T,1 month ,L,Outer Nuclear Layer,0.065,,,,,,,,,,,,,,,,,,,,
T,1 month ,L,Photoreceptor Inner Segment,0.028,,,,,,,,,,,,,,,,,,,,
T,1 month ,L,Photoreceptor Outer Segment,0.039,,,,,,,,,,,,,,,,,,,,
T,1 month ,L,Choroidal,0.166,,,,,,,,,,,,,,,,,,,,
T,1 month ,R,Total Retinal,0.283,,,,,,,,,,,,,,,,,,,,
T,1 month ,R,Retinal Nerve Fiber Layer,0.019,,,,,,,,,,,,,,,,,,,,
T,1 month ,R,Ganglion Cell Layer,0.03,,,,,,,,,,,,,,,,,,,,
T,1 month ,R,Inner Plexiform Layer,0.037,,,,,,,,,,,,,,,,,,,,
T,1 month ,R,Inner Nuclear Layer,0.036,,,,,,,,,,,,,,,,,,,,
T,1 month ,R,Outer Plexiform Layer,0.023,,,,,,,,,,,,,,,,,,,,
T,1 month ,R,Outer Nuclear Layer,0.061,,,,,,,,,,,,,,,,,,,,
T,1 month ,R,Photoreceptor Inner Segment,0.027,,,,,,,,,,,,,,,,,,,,
T,1 month ,R,Photoreceptor Outer Segment,0.049,,,,,,,,,,,,,,,,,,,,
T,1 month ,R,Choroidal,0.173,,,,,,,,,,,,,,,,,,,,
T,6 month,L,Total Retinal,0.292,,,,,,,,,,,,,,,,,,,,
T,6 month,L,Retinal Nerve Fiber Layer,0.02,,,,,,,,,,,,,,,,,,,,
T,6 month,L,Ganglion Cell Layer,0.023,,,,,,,,,,,,,,,,,,,,
T,6 month,L,Inner Plexiform Layer,0.04,,,,,,,,,,,,,,,,,,,,
T,6 month,L,Inner Nuclear Layer,0.031,,,,,,,,,,,,,,,,,,,,
T,6 month,L,Outer Plexiform Layer,0.021,,,,,,,,,,,,,,,,,,,,
T,6 month,L,Outer Nuclear Layer,0.073,,,,,,,,,,,,,,,,,,,,
T,6 month,L,Photoreceptor Inner Segment,0.031,,,,,,,,,,,,,,,,,,,,
T,6 month,L,Photoreceptor Outer Segment,0.053,,,,,,,,,,,,,,,,,,,,
T,6 month,L,Choroidal,0.177,,,,,,,,,,,,,,,,,,,,
T,6 month,R,Total Retinal,0.288,,,,,,,,,,,,,,,,,,,,
T,6 month,R,Retinal Nerve Fiber Layer,0.02,,,,,,,,,,,,,,,,,,,,
T,6 month,R,Ganglion Cell Layer,0.021,,,,,,,,,,,,,,,,,,,,
T,6 month,R,Inner Plexiform Layer,0.038,,,,,,,,,,,,,,,,,,,,
T,6 month,R,Inner Nuclear Layer,0.034,,,,,,,,,,,,,,,,,,,,
T,6 month,R,Outer Plexiform Layer,0.02,,,,,,,,,,,,,,,,,,,,
T,6 month,R,Outer Nuclear Layer,0.075,,,,,,,,,,,,,,,,,,,,
T,6 month,R,Photoreceptor Inner Segment,0.029,,,,,,,,,,,,,,,,,,,,
T,6 month,R,Photoreceptor Outer Segment,0.05,,,,,,,,,,,,,,,,,,,,
T,6 month,R,Choroidal,0.154,,,,,,,,,,,,,,,,,,,,
T,9 month,L,Total Retinal,0.293,,,,,,,,,,,,,,,,,,,,
T,9 month,L,Retinal Nerve Fiber Layer,0.02,,,,,,,,,,,,,,,,,,,,
T,9 month,L,Ganglion Cell Layer,0.026,,,,,,,,,,,,,,,,,,,,
T,9 month,L,Inner Plexiform Layer,0.036,,,,,,,,,,,,,,,,,,,,
T,9 month,L,Inner Nuclear Layer,0.035,,,,,,,,,,,,,,,,,,,,
T,9 month,L,Outer Plexiform Layer,0.02,,,,,,,,,,,,,,,,,,,,
T,9 month,L,Outer Nuclear Layer,0.068,,,,,,,,,,,,,,,,,,,,
T,9 month,L,Photoreceptor Inner Segment,0.031,,,,,,,,,,,,,,,,,,,,
T,9 month,L,Photoreceptor Outer Segment,0.056,,,,,,,,,,,,,,,,,,,,
T,9 month,L,Choroidal,0.132,,,,,,,,,,,,,,,,,,,,
T,9 month,R,Total Retinal,0.294,,,,,,,,,,,,,,,,,,,,
T,9 month,R,Retinal Nerve Fiber Layer,0.019,,,,,,,,,,,,,,,,,,,,
T,9 month,R,Ganglion Cell Layer,0.027,,,,,,,,,,,,,,,,,,,,
T,9 month,R,Inner Plexiform Layer,0.035,,,,,,,,,,,,,,,,,,,,
T,9 month,R,Inner Nuclear Layer,0.035,,,,,,,,,,,,,,,,,,,,
T,9 month,R,Outer Plexiform Layer,0.02,,,,,,,,,,,,,,,,,,,,
T,9 month,R,Outer Nuclear Layer,0.076,,,,,,,,,,,,,,,,,,,,
T,9 month,R,Photoreceptor Inner Segment,0.028,,,,,,,,,,,,,,,,,,,,
T,9 month,R,Photoreceptor Outer Segment,0.054,,,,,,,,,,,,,,,,,,,,
T,9 month,R,Choroidal,0.13,,,,,,,,,,,,,,,,,,,,
U,1 month ,L,Total Retinal,0.275,,,,,,,,,,,,,,,,,,,,
U,1 month ,L,Retinal Nerve Fiber Layer,0.019,,,,,,,,,,,,,,,,,,,,
U,1 month ,L,Ganglion Cell Layer,0.026,,,,,,,,,,,,,,,,,,,,
U,1 month ,L,Inner Plexiform Layer,0.035,,,,,,,,,,,,,,,,,,,,
U,1 month ,L,Inner Nuclear Layer,0.035,,,,,,,,,,,,,,,,,,,,
U,1 month ,L,Outer Plexiform Layer,0.026,,,,,,,,,,,,,,,,,,,,
U,1 month ,L,Outer Nuclear Layer,0.066,,,,,,,,,,,,,,,,,,,,
U,1 month ,L,Photoreceptor Inner Segment,0.024,,,,,,,,,,,,,,,,,,,,
U,1 month ,L,Photoreceptor Outer Segment,0.043,,,,,,,,,,,,,,,,,,,,
U,1 month ,L,Choroidal,0.132,,,,,,,,,,,,,,,,,,,,
U,1 month ,R,Total Retinal,0.275,,,,,,,,,,,,,,,,,,,,
U,1 month ,R,Retinal Nerve Fiber Layer,0.017,,,,,,,,,,,,,,,,,,,,
U,1 month ,R,Ganglion Cell Layer,0.026,,,,,,,,,,,,,,,,,,,,
U,1 month ,R,Inner Plexiform Layer,0.036,,,,,,,,,,,,,,,,,,,,
U,1 month ,R,Inner Nuclear Layer,0.034,,,,,,,,,,,,,,,,,,,,
U,1 month ,R,Outer Plexiform Layer,0.027,,,,,,,,,,,,,,,,,,,,
U,1 month ,R,Outer Nuclear Layer,0.07,,,,,,,,,,,,,,,,,,,,
U,1 month ,R,Photoreceptor Inner Segment,0.028,,,,,,,,,,,,,,,,,,,,
U,1 month ,R,Photoreceptor Outer Segment,0.037,,,,,,,,,,,,,,,,,,,,
U,1 month ,R,Choroidal,0.131,,,,,,,,,,,,,,,,,,,,
U,3 month,L,Total Retinal,0.285,,,,,,,,,,,,,,,,,,,,
U,3 month,L,Retinal Nerve Fiber Layer,0.018,,,,,,,,,,,,,,,,,,,,
U,3 month,L,Ganglion Cell Layer,0.025,,,,,,,,,,,,,,,,,,,,
U,3 month,L,Inner Plexiform Layer,0.03,,,,,,,,,,,,,,,,,,,,
U,3 month,L,Inner Nuclear Layer,0.038,,,,,,,,,,,,,,,,,,,,
U,3 month,L,Outer Plexiform Layer,0.023,,,,,,,,,,,,,,,,,,,,
U,3 month,L,Outer Nuclear Layer,0.077,,,,,,,,,,,,,,,,,,,,
U,3 month,L,Photoreceptor Inner Segment,0.029,,,,,,,,,,,,,,,,,,,,
U,3 month,L,Photoreceptor Outer Segment,0.044,,,,,,,,,,,,,,,,,,,,
U,3 month,L,Choroidal,0.123,,,,,,,,,,,,,,,,,,,,
U,3 month,R,Total Retinal,0.291,,,,,,,,,,,,,,,,,,,,
U,3 month,R,Retinal Nerve Fiber Layer,0.019,,,,,,,,,,,,,,,,,,,,
U,3 month,R,Ganglion Cell Layer,0.021,,,,,,,,,,,,,,,,,,,,
U,3 month,R,Inner Plexiform Layer,0.037,,,,,,,,,,,,,,,,,,,,
U,3 month,R,Inner Nuclear Layer,0.032,,,,,,,,,,,,,,,,,,,,
U,3 month,R,Outer Plexiform Layer,0.031,,,,,,,,,,,,,,,,,,,,
U,3 month,R,Outer Nuclear Layer,0.071,,,,,,,,,,,,,,,,,,,,
U,3 month,R,Photoreceptor Inner Segment,0.034,,,,,,,,,,,,,,,,,,,,
U,3 month,R,Photoreceptor Outer Segment,0.045,,,,,,,,,,,,,,,,,,,,
U,3 month,R,Choroidal,0.126,,,,,,,,,,,,,,,,,,,,
V,1 month,R,Choroidal,5,,,,,,,,,,,,,,,,,,,,
V,1 month,R,Ganglion Cell Layer,5,,,,,,,,,,,,,,,,,,,,
O,1 month,R,Choroidal,5,,,,,,,,,,,,,,,,,,,,
O,1 month,R,Ganglion Cell Layer,5,,,,,,,,,,,,,,,,,,,,
,,,,,,,,,,,,,,,,,,,,,,,,
,,,,,,,,,,,,,,,,,,,,,,,,
,,,,,,,,,,,,,,,,,,,,,,,,
,,,,,,,,,,,,,,,,,,,,,,,,
,,,,,,,,,,,,,,,,,,,,,,,,
,,,,,,,,,,,,,,,,,,,,,,,,
,,,,,,,,,,,,,,,,,,,,,,,,
,,,,,,,,,,,,,,,,,,,,,,,,
,,,,,,,,,,,,,,,,,,,,,,,,
,,,,,,,,,,,,,,,,,,,,,,,,
,,,,,,,,,,,,,,,,,,,,,,,,
,,,,,,,,,,,,,,,,,,,,,,,,
,,,,,,,,,,,,,,,,,,,,,,,,
,,,,,,,,,,,,,,,,,,,,,,,,
,,,,,,,,,,,,,,,,,,,,,,,,
,,,,,,,,,,,,,,,,,,,,,,,,
,,,,,,,,,,,,,,,,,,,,,,,,
,,,,,,,,,,,,,,,,,,,,,,,,
,,,,,,,,,,,,,,,,,,,,,,,,
,,,,,,,,,,,,,,,,,,,,,,,,
,,,,,,,,,,,,,,,,,,,,,,,,
,,,,,,,,,,,,,,,,,,,,,,,,
,,,,,,,,,,,,,,,,,,,,,,,,
,,,,,,,,,,,,,,,,,,,,,,,,
,,,,,,,,,,,,,,,,,,,,,,,,
,,,,,,,,,,,,,,,,,,,,,,,,
,,,,,,,,,,,,,,,,,,,,,,,,
,,,,,,,,,,,,,,,,,,,,,,,,
,,,,,,,,,,,,,,,,,,,,,,,,
,,,,,,,,,,,,,,,,,,,,,,,,
,,,,,,,,,,,,,,,,,,,,,,,,
,,,,,,,,,,,,,,,,,,,,,,,,
,,,,,,,,,,,,,,,,,,,,,,,,
,,,,,,,,,,,,,,,,,,,,,,,,
,,,,,,,,,,,,,,,,,,,,,,,,
,,,,,,,,,,,,,,,,,,,,,,,,
,,,,,,,,,,,,,,,,,,,,,,,,
,,,,,,,,,,,,,,,,,,,,,,,,
,,,,,,,,,,,,,,,,,,,,,,,,
,,,,,,,,,,,,,,,,,,,,,,,,
,,,,,,,,,,,,,,,,,,,,,,,,
,,,,,,,,,,,,,,,,,,,,,,,,
,,,,,,,,,,,,,,,,,,,,,,,,
,,,,,,,,,,,,,,,,,,,,,,,,
,,,,,,,,,,,,,,,,,,,,,,,,
,,,,,,,,,,,,,,,,,,,,,,,,
,,,,,,,,,,,,,,,,,,,,,,,,
,,,,,,,,,,,,,,,,,,,,,,,,
,,,,,,,,,,,,,,,,,,,,,,,,
,,,,,,,,,,,,,,,,,,,,,,,,
,,,,,,,,,,,,,,,,,,,,,,,,
,,,,,,,,,,,,,,,,,,,,,,,,
,,,,,,,,,,,,,,,,,,,,,,,,
,,,,,,,,,,,,,,,,,,,,,,,,
,,,,,,,,,,,,,,,,,,,,,,,,
,,,,,,,,,,,,,,,,,,,,,,,,
,,,,,,,,,,,,,,,,,,,,,,,,
,,,,,,,,,,,,,,,,,,,,,,,,
,,,,,,,,,,,,,,,,,,,,,,,,
,,,,,,,,,,,,,,,,,,,,,,,,
,,,,,,,,,,,,,,,,,,,,,,,,
,,,,,,,,,,,,,,,,,,,,,,,,
,,,,,,,,,,,,,,,,,,,,,,,,
,,,,,,,,,,,,,,,,,,,,,,,,
,,,,,,,,,,,,,,,,,,,,,,,,
,,,,,,,,,,,,,,,,,,,,,,,,
,,,,,,,,,,,,,,,,,,,,,,,,
,,,,,,,,,,,,,,,,,,,,,,,,
,,,,,,,,,,,,,,,,,,,,,,,,
,,,,,,,,,,,,,,,,,,,,,,,,
,,,,,,,,,,,,,,,,,,,,,,,,
,,,,,,,,,,,,,,,,,,,,,,,,
,,,,,,,,,,,,,,,,,,,,,,,,
,,,,,,,,,,,,,,,,,,,,,,,,
,,,,,,,,,,,,,,,,,,,,,,,,
,,,,,,,,,,,,,,,,,,,,,,,,
,,,,,,,,,,,,,,,,,,,,,,,,
,,,,,,,,,,,,,,,,,,,,,,,,
,,,,,,,,,,,,,,,,,,,,,,,,
,,,,,,,,,,,,,,,,,,,,,,,,
,,,,,,,,,,,,,,,,,,,,,,,,
,,,,,,,,,,,,,,,,,,,,,,,,
,,,,,,,,,,,,,,,,,,,,,,,,
,,,,,,,,,,,,,,,,,,,,,,,,
,,,,,,,,,,,,,,,,,,,,,,,,
,,,,,,,,,,,,,,,,,,,,,,,,
,,,,,,,,,,,,,,,,,,,,,,,,
,,,,,,,,,,,,,,,,,,,,,,,,
,,,,,,,,,,,,,,,,,,,,,,,,
,,,,,,,,,,,,,,,,,,,,,,,,
,,,,,,,,,,,,,,,,,,,,,,,,
,,,,,,,,,,,,,,,,,,,,,,,,
,,,,,,,,,,,,,,,,,,,,,,,,
,,,,,,,,,,,,,,,,,,,,,,,,
,,,,,,,,,,,,,,,,,,,,,,,,
,,,,,,,,,,,,,,,,,,,,,,,,
,,,,,,,,,,,,,,,,,,,,,,,,
,,,,,,,,,,,,,,,,,,,,,,,,
,,,,,,,,,,,,,,,,,,,,,,,,
,,,,,,,,,,,,,,,,,,,,,,,,
,,,,,,,,,,,,,,,,,,,,,,,,
,,,,,,,,,,,,,,,,,,,,,,,,
,,,,,,,,,,,,,,,,,,,,,,,,
,,,,,,,,,,,,,,,,,,,,,,,,
,,,,,,,,,,,,,,,,,,,,,,,,
,,,,,,,,,,,,,,,,,,,,,,,,
,,,,,,,,,,,,,,,,,,,,,,,,
,,,,,,,,,,,,,,,,,,,,,,,,
,,,,,,,,,,,,,,,,,,,,,,,,
,,,,,,,,,,,,,,,,,,,,,,,,
,,,,,,,,,,,,,,,,,,,,,,,,
,,,,,,,,,,,,,,,,,,,,,,,,
,,,,,,,,,,,,,,,,,,,,,,,,
,,,,,,,,,,,,,,,,,,,,,,,,
,,,,,,,,,,,,,,,,,,,,,,,,
,,,,,,,,,,,,,,,,,,,,,,,,
,,,,,,,,,,,,,,,,,,,,,,,,
,,,,,,,,,,,,,,,,,,,,,,,,
,,,,,,,,,,,,,,,,,,,,,,,,
,,,,,,,,,,,,,,,,,,,,,,,,
,,,,,,,,,,,,,,,,,,,,,,,,
,,,,,,,,,,,,,,,,,,,,,,,,
,,,,,,,,,,,,,,,,,,,,,,,,
,,,,,,,,,,,,,,,,,,,,,,,,
,,,,,,,,,,,,,,,,,,,,,,,,
,,,,,,,,,,,,,,,,,,,,,,,,
,,,,,,,,,,,,,,,,,,,,,,,,
,,,,,,,,,,,,,,,,,,,,,,,,
,,,,,,,,,,,,,,,,,,,,,,,,
,,,,,,,,,,,,,,,,,,,,,,,,
,,,,,,,,,,,,,,,,,,,,,,,,
,,,,,,,,,,,,,,,,,,,,,,,,
,,,,,,,,,,,,,,,,,,,,,,,,
,,,,,,,,,,,,,,,,,,,,,,,,
,,,,,,,,,,,,,,,,,,,,,,,,
,,,,,,,,,,,,,,,,,,,,,,,,
,,,,,,,,,,,,,,,,,,,,,,,,
,,,,,,,,,,,,,,,,,,,,,,,,
,,,,,,,,,,,,,,,,,,,,,,,,
,,,,,,,,,,,,,,,,,,,,,,,,
,,,,,,,,,,,,,,,,,,,,,,,,
,,,,,,,,,,,,,,,,,,,,,,,,
,,,,,,,,,,,,,,,,,,,,,,,,
,,,,,,,,,,,,,,,,,,,,,,,,
,,,,,,,,,,,,,,,,,,,,,,,,
,,,,,,,,,,,,,,,,,,,,,,,,
,,,,,,,,,,,,,,,,,,,,,,,,
,,,,,,,,,,,,,,,,,,,,,,,,
,,,,,,,,,,,,,,,,,,,,,,,,
,,,,,,,,,,,,,,,,,,,,,,,,
,,,,,,,,,,,,,,,,,,,,,,,,
,,,,,,,,,,,,,,,,,,,,,,,,
,,,,,,,,,,,,,,,,,,,,,,,,
,,,,,,,,,,,,,,,,,,,,,,,,
,,,,,,,,,,,,,,,,,,,,,,,,
,,,,,,,,,,,,,,,,,,,,,,,,
,,,,,,,,,,,,,,,,,,,,,,,,
,,,,,,,,,,,,,,,,,,,,,,,,
,,,,,,,,,,,,,,,,,,,,,,,,
,,,,,,,,,,,,,,,,,,,,,,,,
,,,,,,,,,,,,,,,,,,,,,,,,
,,,,,,,,,,,,,,,,,,,,,,,,
,,,,,,,,,,,,,,,,,,,,,,,,
,,,,,,,,,,,,,,,,,,,,,,,,
,,,,,,,,,,,,,,,,,,,,,,,,
,,,,,,,,,,,,,,,,,,,,,,,,
,,,,,,,,,,,,,,,,,,,,,,,,
,,,,,,,,,,,,,,,,,,,,,,,,
,,,,,,,,,,,,,,,,,,,,,,,,
,,,,,,,,,,,,,,,,,,,,,,,,
,,,,,,,,,,,,,,,,,,,,,,,,
,,,,,,,,,,,,,,,,,,,,,,,,
,,,,,,,,,,,,,,,,,,,,,,,,
,,,,,,,,,,,,,,,,,,,,,,,,
,,,,,,,,,,,,,,,,,,,,,,,,
,,,,,,,,,,,,,,,,,,,,,,,,
,,,,,,,,,,,,,,,,,,,,,,,,
,,,,,,,,,,,,,,,,,,,,,,,,
,,,,,,,,,,,,,,,,,,,,,,,,
,,,,,,,,,,,,,,,,,,,,,,,,
,,,,,,,,,,,,,,,,,,,,,,,,
,,,,,,,,,,,,,,,,,,,,,,,,
,,,,,,,,,,,,,,,,,,,,,,,,
,,,,,,,,,,,,,,,,,,,,,,,,
,,,,,,,,,,,,,,,,,,,,,,,,
,,,,,,,,,,,,,,,,,,,,,,,,
,,,,,,,,,,,,,,,,,,,,,,,,
,,,,,,,,,,,,,,,,,,,,,,,,
,,,,,,,,,,,,,,,,,,,,,,,,
,,,,,,,,,,,,,,,,,,,,,,,,
,,,,,,,,,,,,,,,,,,,,,,,,
,,,,,,,,,,,,,,,,,,,,,,,,
,,,,,,,,,,,,,,,,,,,,,,,,
,,,,,,,,,,,,,,,,,,,,,,,,
,,,,,,,,,,,,,,,,,,,,,,,,
,,,,,,,,,,,,,,,,,,,,,,,,
,,,,,,,,,,,,,,,,,,,,,,,,
,,,,,,,,,,,,,,,,,,,,,,,,
,,,,,,,,,,,,,,,,,,,,,,,,
,,,,,,,,,,,,,,,,,,,,,,,,
,,,,,,,,,,,,,,,,,,,,,,,,
,,,,,,,,,,,,,,,,,,,,,,,,
,,,,,,,,,,,,,,,,,,,,,,,,
,,,,,,,,,,,,,,,,,,,,,,,,
,,,,,,,,,,,,,,,,,,,,,,,,
,,,,,,,,,,,,,,,,,,,,,,,,
,,,,,,,,,,,,,,,,,,,,,,,,
,,,,,,,,,,,,,,,,,,,,,,,,
,,,,,,,,,,,,,,,,,,,,,,,,
,,,,,,,,,,,,,,,,,,,,,,,,
,,,,,,,,,,,,,,,,,,,,,,,,
,,,,,,,,,,,,,,,,,,,,,,,,
,,,,,,,,,,,,,,,,,,,,,,,,
,,,,,,,,,,,,,,,,,,,,,,,,
,,,,,,,,,,,,,,,,,,,,,,,,
,,,,,,,,,,,,,,,,,,,,,,,,
,,,,,,,,,,,,,,,,,,,,,,,,
,,,,,,,,,,,,,,,,,,,,,,,,
,,,,,,,,,,,,,,,,,,,,,,,,
,,,,,,,,,,,,,,,,,,,,,,,,
,,,,,,,,,,,,,,,,,,,,,,,,
,,,,,,,,,,,,,,,,,,,,,,,,
,,,,,,,,,,,,,,,,,,,,,,,,
,,,,,,,,,,,,,,,,,,,,,,,,
,,,,,,,,,,,,,,,,,,,,,,,,
,,,,,,,,,,,,,,,,,,,,,,,,
,,,,,,,,,,,,,,,,,,,,,,,,
,,,,,,,,,,,,,,,,,,,,,,,,
,,,,,,,,,,,,,,,,,,,,,,,,
,,,,,,,,,,,,,,,,,,,,,,,,
,,,,,,,,,,,,,,,,,,,,,,,,
,,,,,,,,,,,,,,,,,,,,,,,,
,,,,,,,,,,,,,,,,,,,,,,,,
,,,,,,,,,,,,,,,,,,,,,,,,
,,,,,,,,,,,,,,,,,,,,,,,,
,,,,,,,,,,,,,,,,,,,,,,,,
,,,,,,,,,,,,,,,,,,,,,,,,
,,,,,,,,,,,,,,,,,,,,,,,,
,,,,,,,,,,,,,,,,,,,,,,,,
,,,,,,,,,,,,,,,,,,,,,,,,
,,,,,,,,,,,,,,,,,,,,,,,,
,,,,,,,,,,,,,,,,,,,,,,,,
,,,,,,,,,,,,,,,,,,,,,,,,
,,,,,,,,,,,,,,,,,,,,,,,,
,,,,,,,,,,,,,,,,,,,,,,,,
,,,,,,,,,,,,,,,,,,,,,,,,
,,,,,,,,,,,,,,,,,,,,,,,,
,,,,,,,,,,,,,,,,,,,,,,,,
,,,,,,,,,,,,,,,,,,,,,,,,
,,,,,,,,,,,,,,,,,,,,,,,,
,,,,,,,,,,,,,,,,,,,,,,,,
,,,,,,,,,,,,,,,,,,,,,,,,
,,,,,,,,,,,,,,,,,,,,,,,,
,,,,,,,,,,,,,,,,,,,,,,,,
,,,,,,,,,,,,,,,,,,,,,,,,
,,,,,,,,,,,,,,,,,,,,,,,,
,,,,,,,,,,,,,,,,,,,,,,,,
,,,,,,,,,,,,,,,,,,,,,,,,
,,,,,,,,,,,,,,,,,,,,,,,,
,,,,,,,,,,,,,,,,,,,,,,,,
,,,,,,,,,,,,,,,,,,,,,,,,
,,,,,,,,,,,,,,,,,,,,,,,,
,,,,,,,,,,,,,,,,,,,,,,,,
,,,,,,,,,,,,,,,,,,,,,,,,
,,,,,,,,,,,,,,,,,,,,,,,,
,,,,,,,,,,,,,,,,,,,,,,,,
,,,,,,,,,,,,,,,,,,,,,,,,
,,,,,,,,,,,,,,,,,,,,,,,,
,,,,,,,,,,,,,,,,,,,,,,,,
,,,,,,,,,,,,,,,,,,,,,,,,
,,,,,,,,,,,,,,,,,,,,,,,,
,,,,,,,,,,,,,,,,,,,,,,,,
,,,,,,,,,,,,,,,,,,,,,,,,
,,,,,,,,,,,,,,,,,,,,,,,,
,,,,,,,,,,,,,,,,,,,,,,,,
,,,,,,,,,,,,,,,,,,,,,,,,
,,,,,,,,,,,,,,,,,,,,,,,,
,,,,,,,,,,,,,,,,,,,,,,,,
,,,,,,,,,,,,,,,,,,,,,,,,
,,,,,,,,,,,,,,,,,,,,,,,,
,,,,,,,,,,,,,,,,,,,,,,,,
,,,,,,,,,,,,,,,,,,,,,,,,
,,,,,,,,,,,,,,,,,,,,,,,,
,,,,,,,,,,,,,,,,,,,,,,,,
,,,,,,,,,,,,,,,,,,,,,,,,
,,,,,,,,,,,,,,,,,,,,,,,,
,,,,,,,,,,,,,,,,,,,,,,,,
,,,,,,,,,,,,,,,,,,,,,,,,
,,,,,,,,,,,,,,,,,,,,,,,,
,,,,,,,,,,,,,,,,,,,,,,,,
,,,,,,,,,,,,,,,,,,,,,,,,
,,,,,,,,,,,,,,,,,,,,,,,,
,,,,,,,,,,,,,,,,,,,,,,,,
,,,,,,,,,,,,,,,,,,,,,,,,
,,,,,,,,,,,,,,,,,,,,,,,,
,,,,,,,,,,,,,,,,,,,,,,,,
,,,,,,,,,,,,,,,,,,,,,,,,
,,,,,,,,,,,,,,,,,,,,,,,,
,,,,,,,,,,,,,,,,,,,,,,,,
,,,,,,,,,,,,,,,,,,,,,,,,
,,,,,,,,,,,,,,,,,,,,,,,,
,,,,,,,,,,,,,,,,,,,,,,,,
,,,,,,,,,,,,,,,,,,,,,,,,
,,,,,,,,,,,,,,,,,,,,,,,,
,,,,,,,,,,,,,,,,,,,,,,,,
,,,,,,,,,,,,,,,,,,,,,,,,
,,,,,,,,,,,,,,,,,,,,,,,,
,,,,,,,,,,,,,,,,,,,,,,,,
,,,,,,,,,,,,,,,,,,,,,,,,
,,,,,,,,,,,,,,,,,,,,,,,,
,,,,,,,,,,,,,,,,,,,,,,,,
,,,,,,,,,,,,,,,,,,,,,,,,
,,,,,,,,,,,,,,,,,,,,,,,,
,,,,,,,,,,,,,,,,,,,,,,,,
,,,,,,,,,,,,,,,,,,,,,,,,
,,,,,,,,,,,,,,,,,,,,,,,,
,,,,,,,,,,,,,,,,,,,,,,,,
,,,,,,,,,,,,,,,,,,,,,,,,
,,,,,,,,,,,,,,,,,,,,,,,,
,,,,,,,,,,,,,,,,,,,,,,,,
,,,,,,,,,,,,,,,,,,,,,,,,
,,,,,,,,,,,,,,,,,,,,,,,,
,,,,,,,,,,,,,,,,,,,,,,,,
,,,,,,,,,,,,,,,,,,,,,,,,
,,,,,,,,,,,,,,,,,,,,,,,,